avg_gap,dur_mean,energy_drop,n_phonemes,mfcc_1_mean_mean,mfcc_1_mean_std,mfcc_2_mean_mean,mfcc_2_mean_std,mfcc_3_mean_mean,mfcc_3_mean_std,mfcc_4_mean_mean,mfcc_4_mean_std,mfcc_5_mean_mean,mfcc_5_mean_std,mfcc_6_mean_mean,mfcc_6_mean_std,mfcc_7_mean_mean,mfcc_7_mean_std,mfcc_8_mean_mean,mfcc_8_mean_std,mfcc_9_mean_mean,mfcc_9_mean_std,mfcc_10_mean_mean,mfcc_10_mean_std,mfcc_11_mean_mean,mfcc_11_mean_std,mfcc_12_mean_mean,mfcc_12_mean_std,mfcc_13_mean_mean,mfcc_13_mean_std,pitch_mean_mean,pitch_mean_std,filename,label
0.0,1.4080000000000001,0.29265281100960894,3,-331.2154541015625,27.831712575638495,66.81161244710286,6.028044725917822,18.69175386428833,11.24004881026663,15.238383452097574,9.084903082027001,3.6270735959211984,4.566940470118962,0.9673981269200643,3.5305388611107786,4.291998863220215,6.935668286384276,2.719124416510264,3.170119449681416,-2.0266728599866233,3.966199374840284,-1.8482830276091893,2.2840969981774255,-1.2084673245747883,3.437571457243582,7.403499921162923,5.1895509658157355,-3.6549433867136636,0.6030764365506499,131.97367983452534,21.9517237051191,cat_001.wav,3
0.0,1.4008888888888889,0.3510638579354349,3,-331.28819783528644,42.44101073267839,66.38212585449219,17.357159255023277,38.06247774759928,6.320971043808224,9.337865749994913,6.238635075599513,10.486144542694092,4.101668182482184,7.617901007334392,1.6862757415911833,2.5224591890970864,3.3489460582143966,9.806942065556845,4.9008071408063065,-4.73977533976237,1.3826274487973846,1.3090868790944417,2.0574292101625478,-14.756491978963217,6.514612450993495,-0.15208788712819418,1.4447607852442412,-4.39516814549764,0.7436928642227536,161.13780167911386,27.024042656722884,cat_002.wav,1
